<?xml version="1.0" encoding="UTF-8"?>
<project-private xmlns="http://www.netbeans.org/ns/project-private/1">
    <editor-bookmarks xmlns="http://www.netbeans.org/ns/editor-bookmarks/2" lastBookmarkId="0"/>
    <open-files xmlns="http://www.netbeans.org/ns/projectui-open-files/2">
        <group>
            <file>file:/D:/Downloads/NetBeansProjects/ds_ass07b_bowlesp/src/ds_ass07b_bowlesp/GenericTree.java</file>
            <file>file:/D:/Downloads/NetBeansProjects/ds_ass07b_bowlesp/src/ds_ass07b_bowlesp/ForestMonitor.java</file>
            <file>file:/D:/Downloads/NetBeansProjects/ds_ass07b_bowlesp/src/ds_ass07b_bowlesp/Generic.java</file>
        </group>
    </open-files>
</project-private>
