<?xml version="1.0" encoding="UTF-8"?>
<project-private xmlns="http://www.netbeans.org/ns/project-private/1">
    <editor-bookmarks xmlns="http://www.netbeans.org/ns/editor-bookmarks/2" lastBookmarkId="0"/>
    <open-files xmlns="http://www.netbeans.org/ns/projectui-open-files/2">
        <group>
            <file>file:/C:/Users/alexl/Documents/NetBeansProjects/ds_ass04a_bowlesp/src/ds_ass04b1_bowlesp/CountryNode.java</file>
            <file>file:/C:/Users/alexl/Documents/NetBeansProjects/ds_ass04a_bowlesp/src/ds_ass04b1_bowlesp/CountryStack.java</file>
            <file>file:/C:/Users/alexl/Documents/NetBeansProjects/ds_ass04a_bowlesp/src/ds_ass04b1_bowlesp/CountriesMonitor.java</file>
            <file>file:/C:/Users/alexl/Documents/NetBeansProjects/ds_ass04a_bowlesp/src/ds_ass04b1_bowlesp/Country.java</file>
        </group>
    </open-files>
</project-private>
